ProjectID,Test_Case,Category,Start_Time,Completion_Time,Duration,ResultCode,Result_File,Comments
20170614_TJEWTNFU,CDB NEW AWSCLOUD TABLES,Metadata,2017-06-14 15:49:47,2017-06-14 15:49:47,0:00:00,Failed,CDB_NEW_AWSCLOUD_TABLES.csv,
20170614_TJEWTNFU,CDB NEW MAPPING TABLES,Metadata,2017-06-14 15:49:47,2017-06-14 15:49:47,0:00:00,Passed,,
20170614_TJEWTNFU,CDB COLUMN CONSTRAINTS,Metadata,2017-06-14 15:49:47,2017-06-14 15:49:48,0:00:01,Failed,CDB_COLUMN_CONSTRAINTS.csv,
20170614_TJEWTNFU,TPUBLISH_NEW_CLOUD_TABLES.csv,Metadata,2017-06-14 15:49:48,2017-06-14 15:49:48,0:00:00,Failed,TPUBLISH_NEW_CLOUD_TABLES.csv,
20170614_TJEWTNFU,TPUBLISH CAT Columns,Metadata,2017-06-14 15:49:48,2017-06-14 15:49:48,0:00:00,Passed,,
20170614_TJEWTNFU,BDNA_PUBLISH TCAT Columns,Metadata,2017-06-14 15:49:48,2017-06-14 15:49:49,0:00:01,Passed,,
20170614_TJEWTNFU,BDNA_PUBLISH DISC Columns,Metadata,2017-06-14 15:49:49,2017-06-14 15:49:49,0:00:00,Passed,,
20170614_TJEWTNFU,BDNA_PUBLISH MATCH Columns,Metadata,2017-06-14 15:49:49,2017-06-14 15:49:50,0:00:01,Passed,,
20170614_TJEWTNFU,BDNA_PUBLISH Columns Constraints,Metadata,2017-06-14 15:49:50,2017-06-14 15:49:50,0:00:00,Failed,BDNA_PUBLISH_COLUMNS_CONSTRAINTS_MSSQL.csv,
20170614_TJEWTNFU,BDNA Stored Procedures,Metadata,2017-06-14 15:49:50,2017-06-14 15:49:50,0:00:00,Passed,,
20170614_TJEWTNFU,BDNA Columns Constraints,Metadata,2017-06-14 15:49:50,2017-06-14 15:49:50,0:00:00,Passed,,
20170614_TJEWTNFU,BDNA_PUBLISH Stored Procedures,Metadata,2017-06-14 15:49:50,2017-06-14 15:49:50,0:00:00,Passed,,
20170614_TJEWTNFU,BMS_PRODUCT_INTERGRITY,Metadata_SP,2017-06-14 15:49:50,2017-06-14 15:49:50,0:00:00,Passed,,
20170614_TJEWTNFU,BMS_Update_Task4Mapping,Metadata_SP,2017-06-14 15:49:50,2017-06-14 15:49:50,0:00:00,Passed,,
20170614_TJEWTNFU,Get_Task_State,Metadata_SP,2017-06-14 15:49:50,2017-06-14 15:49:51,0:00:01,Passed,,
20170614_TJEWTNFU,sp_NextIDBlock,Metadata_SP,2017-06-14 15:49:51,2017-06-14 15:49:51,0:00:00,Passed,,
20170614_TJEWTNFU,sp_NextNumber,Metadata_SP,2017-06-14 15:49:51,2017-06-14 15:49:51,0:00:00,Passed,,
20170614_TJEWTNFU,Update_MappingState,Metadata_SP,2017-06-14 15:49:51,2017-06-14 15:49:51,0:00:00,Passed,,
20170614_TJEWTNFU,UPDATE_TASK,Metadata_SP,2017-06-14 15:49:51,2017-06-14 15:49:51,0:00:00,Passed,,
20170614_TJEWTNFU,AGG_LOAD_NM_TABLE_SP,Metadata_SP,2017-06-14 15:49:51,2017-06-14 15:49:51,0:00:00,Passed,,
20170614_TJEWTNFU,AGG_LOAD_TABLE_SP,Metadata_SP,2017-06-14 15:49:51,2017-06-14 15:49:51,0:00:00,Passed,,
20170614_TJEWTNFU,AGG_LOAD_TABLES_SP,Metadata_SP,2017-06-14 15:49:51,2017-06-14 15:49:51,0:00:00,Passed,,
20170614_TJEWTNFU,CREATE_CAT_MAT_VIEW_PROC,Metadata_SP,2017-06-14 15:49:51,2017-06-14 15:49:51,0:00:00,Passed,,
20170614_TJEWTNFU,CREATE_CAT_TAB_CONS_PROC,Metadata_SP,2017-06-14 15:49:51,2017-06-14 15:49:51,0:00:00,Passed,,
20170614_TJEWTNFU,CREATE_CAT_TABLES_PROC,Metadata_SP,2017-06-14 15:49:51,2017-06-14 15:49:52,0:00:01,Passed,,
20170614_TJEWTNFU,CREATE_CAT_VIEWS_PROC,Metadata_SP,2017-06-14 15:49:52,2017-06-14 15:49:52,0:00:00,Passed,,
20170614_TJEWTNFU,CREATE_PART_TABLES_VIEWS,Metadata_SP,2017-06-14 15:49:52,2017-06-14 15:49:52,0:00:00,Passed,,
20170614_TJEWTNFU,DISABLE_CAT_TABLES_CONSTRAINTS,Metadata_SP,2017-06-14 15:49:52,2017-06-14 15:49:52,0:00:00,Passed,,
20170614_TJEWTNFU,DM_DISABLE_TAB_INDEXES_SP,Metadata_SP,2017-06-14 15:49:52,2017-06-14 15:49:52,0:00:00,Passed,,
20170614_TJEWTNFU,DM_ENABLE_TAB_INDEXES_SP,Metadata_SP,2017-06-14 15:49:52,2017-06-14 15:49:52,0:00:00,Passed,,
20170614_TJEWTNFU,DM_NM_CREATE_PARTITIONS,Metadata_SP,2017-06-14 15:49:52,2017-06-14 15:49:52,0:00:00,Passed,,
20170614_TJEWTNFU,DM_NM_CREATE_SP,Metadata_SP,2017-06-14 15:49:52,2017-06-14 15:49:52,0:00:00,Passed,,
20170614_TJEWTNFU,DM_NM_DROP_PARTITIONS,Metadata_SP,2017-06-14 15:49:52,2017-06-14 15:49:52,0:00:00,Passed,,
20170614_TJEWTNFU,DM_NM_LOAD_TABLE_SP,Metadata_SP,2017-06-14 15:49:52,2017-06-14 15:49:52,0:00:00,Passed,,
20170614_TJEWTNFU,DM_NM_LOAD_UNMATCHED_SYSTEM_SP,Metadata_SP,2017-06-14 15:49:52,2017-06-14 15:49:52,0:00:00,Passed,,
20170614_TJEWTNFU,DM_NM_SYNC_TABLE_SP,Metadata_SP,2017-06-14 15:49:52,2017-06-14 15:49:52,0:00:00,Passed,,
20170614_TJEWTNFU,DM_NM_TRUNCATE_PARTITIONS,Metadata_SP,2017-06-14 15:49:52,2017-06-14 15:49:52,0:00:00,Passed,,
20170614_TJEWTNFU,DM_TP_CREATE_SP,Metadata_SP,2017-06-14 15:49:52,2017-06-14 15:49:52,0:00:00,Passed,,
20170614_TJEWTNFU,DM_TP_MD_CREATE_SP,Metadata_SP,2017-06-14 15:49:52,2017-06-14 15:49:52,0:00:00,Passed,,
20170614_TJEWTNFU,DW_CREATE_VIEWS_SP,Metadata_SP,2017-06-14 15:49:52,2017-06-14 15:49:53,0:00:01,Passed,,
20170614_TJEWTNFU,ENABLE_CAT_TABLES_CONSTRAINTS,Metadata_SP,2017-06-14 15:49:53,2017-06-14 15:49:53,0:00:00,Passed,,
20170614_TJEWTNFU,GET_COL_LIST,Metadata_SP,2017-06-14 15:49:53,2017-06-14 15:49:53,0:00:00,Passed,,
20170614_TJEWTNFU,GET_COL_VAL_LIST,Metadata_SP,2017-06-14 15:49:53,2017-06-14 15:49:53,0:00:00,Passed,,
20170614_TJEWTNFU,MATCH_ADDREMOVE_MANUF_STATS,Metadata_SP,2017-06-14 15:49:53,2017-06-14 15:49:53,0:00:00,Passed,,
20170614_TJEWTNFU,MATCH_EXE_MANUF_STATS,Metadata_SP,2017-06-14 15:49:53,2017-06-14 15:49:53,0:00:00,Passed,,
20170614_TJEWTNFU,NBI_ALTER_DIM_N_PO_B,Metadata_SP,2017-06-14 15:49:53,2017-06-14 15:49:53,0:00:00,Passed,,
20170614_TJEWTNFU,NBI_CANCEL_SP,Metadata_SP,2017-06-14 15:49:53,2017-06-14 15:49:53,0:00:00,Passed,,
20170614_TJEWTNFU,NBI_CREATE_DW_VIEWS_FOR_INV,Metadata_SP,2017-06-14 15:49:53,2017-06-14 15:49:53,0:00:00,Passed,,
20170614_TJEWTNFU,NBI_CREATE_DYN_DIM_N_INDEXES,Metadata_SP,2017-06-14 15:49:53,2017-06-14 15:49:53,0:00:00,Passed,,
20170614_TJEWTNFU,NBI_CREATE_DYN_DISC_INDEXES,Metadata_SP,2017-06-14 15:49:53,2017-06-14 15:49:53,0:00:00,Passed,,
20170614_TJEWTNFU,NBI_CREATE_DYN_TABLES,Metadata_SP,2017-06-14 15:49:53,2017-06-14 15:49:53,0:00:00,Passed,,
20170614_TJEWTNFU,NBI_CREATE_MVIEW_SP,Metadata_SP,2017-06-14 15:49:53,2017-06-14 15:49:53,0:00:00,Passed,,
20170614_TJEWTNFU,NBI_CREATE_TAB_CONS_SP,Metadata_SP,2017-06-14 15:49:53,2017-06-14 15:49:53,0:00:00,Passed,,
20170614_TJEWTNFU,NBI_CREATE_TAB_INDEXES_SP,Metadata_SP,2017-06-14 15:49:53,2017-06-14 15:49:54,0:00:01,Passed,,
20170614_TJEWTNFU,NBI_CREATE_TABLE_SP,Metadata_SP,2017-06-14 15:49:54,2017-06-14 15:49:54,0:00:00,Passed,,
20170614_TJEWTNFU,NBI_CREATE_VIEW_SP,Metadata_SP,2017-06-14 15:49:54,2017-06-14 15:49:54,0:00:00,Passed,,
20170614_TJEWTNFU,NBI_DIM_T_ALL_LOAD_TABLES_SP,Metadata_SP,2017-06-14 15:49:54,2017-06-14 15:49:54,0:00:00,Passed,,
20170614_TJEWTNFU,NBI_DIM_T_LOAD_TABLE_SP,Metadata_SP,2017-06-14 15:49:54,2017-06-14 15:49:54,0:00:00,Passed,,
20170614_TJEWTNFU,NBI_DIM_T_MD_LOAD_TABLES_SP,Metadata_SP,2017-06-14 15:49:54,2017-06-14 15:49:54,0:00:00,Passed,,
20170614_TJEWTNFU,NBI_DM_TP_ALL_LOAD_SP,Metadata_SP,2017-06-14 15:49:54,2017-06-14 15:49:54,0:00:00,Passed,,
20170614_TJEWTNFU,NBI_DM_TP_MD_LOAD_SP,Metadata_SP,2017-06-14 15:49:54,2017-06-14 15:49:54,0:00:00,Passed,,
20170614_TJEWTNFU,NBI_DROP_OBJECTS_SP,Metadata_SP,2017-06-14 15:49:54,2017-06-14 15:49:54,0:00:00,Passed,,
20170614_TJEWTNFU,NBI_DROP_TAB_INDEXES_SP,Metadata_SP,2017-06-14 15:49:54,2017-06-14 15:49:54,0:00:00,Passed,,
20170614_TJEWTNFU,NBI_DROP_TMP_OBJECTS_SP,Metadata_SP,2017-06-14 15:49:54,2017-06-14 15:49:54,0:00:00,Passed,,
20170614_TJEWTNFU,NBI_FACT_T_ALL_LOAD_TABLES_SP,Metadata_SP,2017-06-14 15:49:54,2017-06-14 15:49:54,0:00:00,Passed,,
20170614_TJEWTNFU,NBI_FACT_T_LOAD_TABLE_SP,Metadata_SP,2017-06-14 15:49:54,2017-06-14 15:49:54,0:00:00,Passed,,
20170614_TJEWTNFU,NBI_FACT_T_MD_LOAD_TABLES_SP,Metadata_SP,2017-06-14 15:49:54,2017-06-14 15:49:54,0:00:00,Passed,,
20170614_TJEWTNFU,NBI_IT_LOAD_FAIL_SP,Metadata_SP,2017-06-14 15:49:54,2017-06-14 15:49:54,0:00:00,Passed,,
20170614_TJEWTNFU,NBI_LOGGER_SP,Metadata_SP,2017-06-14 15:49:54,2017-06-14 15:49:54,0:00:00,Passed,,
20170614_TJEWTNFU,NBI_N_TPC_LOAD_SP,Metadata_SP,2017-06-14 15:49:54,2017-06-14 15:49:54,0:00:00,Passed,,
20170614_TJEWTNFU,NBI_NM_ALL_CLEANUP_DIMS_SP,Metadata_SP,2017-06-14 15:49:54,2017-06-14 15:49:54,0:00:00,Passed,,
20170614_TJEWTNFU,NBI_NM_ALL_LOAD_TABLES_SP,Metadata_SP,2017-06-14 15:49:54,2017-06-14 15:49:54,0:00:00,Passed,,
20170614_TJEWTNFU,NBI_NM_CLEANUP_DIMS_SP,Metadata_SP,2017-06-14 15:49:54,2017-06-14 15:49:55,0:00:01,Passed,,
20170614_TJEWTNFU,NBI_NM_CLEANUP_FACTS_SP,Metadata_SP,2017-06-14 15:49:55,2017-06-14 15:49:55,0:00:00,Passed,,
20170614_TJEWTNFU,NBI_NM_COMM_LOAD_TABLES_SP,Metadata_SP,2017-06-14 15:49:55,2017-06-14 15:49:55,0:00:00,Passed,,
20170614_TJEWTNFU,NBI_NM_INV_REFRESH_ALL_ALL_SP,Metadata_SP,2017-06-14 15:49:55,2017-06-14 15:49:55,0:00:00,Passed,,
20170614_TJEWTNFU,NBI_NM_INV_REFRESH_MD_ALL_SP,Metadata_SP,2017-06-14 15:49:55,2017-06-14 15:49:55,0:00:00,Passed,,
20170614_TJEWTNFU,NBI_NM_IT_ALL_REFRSH_IT_INV_SP,Metadata_SP,2017-06-14 15:49:55,2017-06-14 15:49:55,0:00:00,Passed,,
20170614_TJEWTNFU,NBI_NM_IT_ALL_REFRSH_PO_INV_SP,Metadata_SP,2017-06-14 15:49:55,2017-06-14 15:49:55,0:00:00,Passed,,
20170614_TJEWTNFU,NBI_NM_IT_CLEANUP_DIMS_SP,Metadata_SP,2017-06-14 15:49:55,2017-06-14 15:49:55,0:00:00,Passed,,
20170614_TJEWTNFU,NBI_NM_IT_LOAD_TABLES_SP,Metadata_SP,2017-06-14 15:49:55,2017-06-14 15:49:55,0:00:00,Passed,,
20170614_TJEWTNFU,NBI_NM_LOAD_INIT_SP,Metadata_SP,2017-06-14 15:49:55,2017-06-14 15:49:55,0:00:00,Passed,,
20170614_TJEWTNFU,NBI_NM_LOAD_SP,Metadata_SP,2017-06-14 15:49:55,2017-06-14 15:49:55,0:00:00,Passed,,
20170614_TJEWTNFU,NBI_NM_MD_CLEANUP_DIMS_SP,Metadata_SP,2017-06-14 15:49:55,2017-06-14 15:49:55,0:00:00,Passed,,
20170614_TJEWTNFU,NBI_NM_MD_LOAD_TABLES_SP,Metadata_SP,2017-06-14 15:49:55,2017-06-14 15:49:56,0:00:01,Passed,,
20170614_TJEWTNFU,NBI_NM_PO_ALL_CLEANUP_DIMS_SP,Metadata_SP,2017-06-14 15:49:56,2017-06-14 15:49:56,0:00:00,Passed,,
20170614_TJEWTNFU,NBI_NM_PO_ALL_LOAD_TABLES_SP,Metadata_SP,2017-06-14 15:49:56,2017-06-14 15:49:56,0:00:00,Passed,,
20170614_TJEWTNFU,NBI_NM_PO_CLEANUP_DIMS_SP,Metadata_SP,2017-06-14 15:49:56,2017-06-14 15:49:56,0:00:00,Passed,,
20170614_TJEWTNFU,NBI_NM_PO_CLEANUP_FACTS_SP,Metadata_SP,2017-06-14 15:49:56,2017-06-14 15:49:56,0:00:00,Passed,,
20170614_TJEWTNFU,NBI_NM_PO_IT_CLEANUP_DIMS_SP,Metadata_SP,2017-06-14 15:49:56,2017-06-14 15:49:56,0:00:00,Passed,,
20170614_TJEWTNFU,NBI_NM_PO_IT_LOAD_TABLES_SP,Metadata_SP,2017-06-14 15:49:56,2017-06-14 15:49:56,0:00:00,Passed,,
20170614_TJEWTNFU,NBI_NM_PO_LOAD_INIT_SP,Metadata_SP,2017-06-14 15:49:56,2017-06-14 15:49:56,0:00:00,Passed,,
20170614_TJEWTNFU,NBI_NM_PO_MD_CLEANUP_DIMS_SP,Metadata_SP,2017-06-14 15:49:56,2017-06-14 15:49:56,0:00:00,Passed,,
20170614_TJEWTNFU,NBI_NM_PO_MD_LOAD_TABLES_SP,Metadata_SP,2017-06-14 15:49:56,2017-06-14 15:49:56,0:00:00,Passed,,
20170614_TJEWTNFU,NBI_NM_REFRESH_ALL_ALL_FACT_SP,Metadata_SP,2017-06-14 15:49:56,2017-06-14 15:49:56,0:00:00,Passed,,
20170614_TJEWTNFU,NBI_NM_REFRESH_IT_ALL_FACT_SP,Metadata_SP,2017-06-14 15:49:56,2017-06-14 15:49:56,0:00:00,Passed,,
20170614_TJEWTNFU,NBI_NM_REFRESH_MD_ALL_FACT_SP,Metadata_SP,2017-06-14 15:49:56,2017-06-14 15:49:56,0:00:00,Passed,,
20170614_TJEWTNFU,NBI_PO_INV_REFRESH_ALL_ALL_SP,Metadata_SP,2017-06-14 15:49:56,2017-06-14 15:49:56,0:00:00,Passed,,
20170614_TJEWTNFU,NBI_PO_INV_REFRESH_MD_ALL_SP,Metadata_SP,2017-06-14 15:49:56,2017-06-14 15:49:56,0:00:00,Passed,,
20170614_TJEWTNFU,NBI_PO_LOAD_FAIL_SP,Metadata_SP,2017-06-14 15:49:56,2017-06-14 15:49:56,0:00:00,Passed,,
20170614_TJEWTNFU,NBI_PO_LOAD_SP,Metadata_SP,2017-06-14 15:49:56,2017-06-14 15:49:56,0:00:00,Passed,,
20170614_TJEWTNFU,NBI_POPULATE_DYN_DIM_TABLE,Metadata_SP,2017-06-14 15:49:56,2017-06-14 15:49:56,0:00:00,Passed,,
20170614_TJEWTNFU,NBI_POPULATE_DYN_DIM_TABLES,Metadata_SP,2017-06-14 15:49:56,2017-06-14 15:49:56,0:00:00,Passed,,
20170614_TJEWTNFU,NBI_POPULATE_DYN_TABLES,Metadata_SP,2017-06-14 15:49:56,2017-06-14 15:49:56,0:00:00,Passed,,
20170614_TJEWTNFU,NBI_PURGE_INV_SP,Metadata_SP,2017-06-14 15:49:56,2017-06-14 15:49:57,0:00:01,Passed,,
20170614_TJEWTNFU,NBI_PURGE_TASK_SP,Metadata_SP,2017-06-14 15:49:57,2017-06-14 15:49:57,0:00:00,Passed,,
20170614_TJEWTNFU,NBI_REPORTS_DEFAULT_SP,Metadata_SP,2017-06-14 15:49:57,2017-06-14 15:49:57,0:00:00,Passed,,
20170614_TJEWTNFU,NBI_SET_INV_ETL_STATUS_SP,Metadata_SP,2017-06-14 15:49:57,2017-06-14 15:49:57,0:00:00,Passed,,
20170614_TJEWTNFU,NBI_START_SP,Metadata_SP,2017-06-14 15:49:57,2017-06-14 15:49:57,0:00:00,Passed,,
20170614_TJEWTNFU,NBI_STOP_SP,Metadata_SP,2017-06-14 15:49:57,2017-06-14 15:49:57,0:00:00,Passed,,
20170614_TJEWTNFU,NBI_T_TPC_LOAD_SP,Metadata_SP,2017-06-14 15:49:57,2017-06-14 15:49:57,0:00:00,Passed,,
20170614_TJEWTNFU,NBI_TP_ALL_LOAD_SP,Metadata_SP,2017-06-14 15:49:57,2017-06-14 15:49:57,0:00:00,Passed,,
20170614_TJEWTNFU,NBI_TP_LOAD_SP,Metadata_SP,2017-06-14 15:49:57,2017-06-14 15:49:57,0:00:00,Passed,,
20170614_TJEWTNFU,NBI_TP_MD_LOAD_SP,Metadata_SP,2017-06-14 15:49:57,2017-06-14 15:49:57,0:00:00,Passed,,
20170614_TJEWTNFU,NBI_TPC_KEY_EXTRACTOR,Metadata_SP,2017-06-14 15:49:57,2017-06-14 15:49:57,0:00:00,Passed,,
20170614_TJEWTNFU,NBI_UPDATE_NBI_PROPERTIES_SP,Metadata_SP,2017-06-14 15:49:57,2017-06-14 15:49:57,0:00:00,Passed,,
20170614_TJEWTNFU,NBI_UTIL_UPDATE_STATISTICS,Metadata_SP,2017-06-14 15:49:57,2017-06-14 15:49:57,0:00:00,Passed,,
20170614_TJEWTNFU,PUBLISH_CALC_LIFECYLE,Metadata_SP,2017-06-14 15:49:57,2017-06-14 15:49:57,0:00:00,Passed,,
20170614_TJEWTNFU,PUBLISH_CATALOG,Metadata_SP,2017-06-14 15:49:57,2017-06-14 15:49:57,0:00:00,Passed,,
20170614_TJEWTNFU,PUBLISH_CLEARDATA,Metadata_SP,2017-06-14 15:49:57,2017-06-14 15:49:57,0:00:00,Passed,,
20170614_TJEWTNFU,PUBLISH_CREATE_CAT_INDEXES,Metadata_SP,2017-06-14 15:49:57,2017-06-14 15:49:57,0:00:00,Passed,,
20170614_TJEWTNFU,PUBLISH_CREATE_INDEXES,Metadata_SP,2017-06-14 15:49:57,2017-06-14 15:49:58,0:00:01,Passed,,
20170614_TJEWTNFU,PUBLISH_CREATE_PART_IND,Metadata_SP,2017-06-14 15:49:58,2017-06-14 15:49:58,0:00:00,Passed,,
20170614_TJEWTNFU,PUBLISH_DEDUPING_STATS,Metadata_SP,2017-06-14 15:49:58,2017-06-14 15:49:58,0:00:00,Passed,,
20170614_TJEWTNFU,PUBLISH_DISC_TABLES,Metadata_SP,2017-06-14 15:49:58,2017-06-14 15:49:58,0:00:00,Passed,,
20170614_TJEWTNFU,PUBLISH_DROP_CAT_INDEXES,Metadata_SP,2017-06-14 15:49:58,2017-06-14 15:49:58,0:00:00,Passed,,
20170614_TJEWTNFU,PUBLISH_DROP_INDEXES,Metadata_SP,2017-06-14 15:49:58,2017-06-14 15:49:58,0:00:00,Passed,,
20170614_TJEWTNFU,PUBLISH_DROP_PART_IND,Metadata_SP,2017-06-14 15:49:58,2017-06-14 15:49:58,0:00:00,Passed,,
20170614_TJEWTNFU,PUBLISH_DROP_TABLE,Metadata_SP,2017-06-14 15:49:58,2017-06-14 15:49:58,0:00:00,Passed,,
20170614_TJEWTNFU,PUBLISH_DT_LOOKUP,Metadata_SP,2017-06-14 15:49:58,2017-06-14 15:49:58,0:00:00,Passed,,
20170614_TJEWTNFU,PUBLISH_DYNAMIC_TABLES,Metadata_SP,2017-06-14 15:49:58,2017-06-14 15:49:58,0:00:00,Passed,,
20170614_TJEWTNFU,PUBLISH_DYNAMIC_TABLES_TASK,Metadata_SP,2017-06-14 15:49:58,2017-06-14 15:49:58,0:00:00,Passed,,
20170614_TJEWTNFU,PUBLISH_DYNAMIC_VIEWS,Metadata_SP,2017-06-14 15:49:58,2017-06-14 15:49:58,0:00:00,Passed,,
20170614_TJEWTNFU,PUBLISH_INIT,Metadata_SP,2017-06-14 15:49:58,2017-06-14 15:49:58,0:00:00,Passed,,
20170614_TJEWTNFU,PUBLISH_LOGGER,Metadata_SP,2017-06-14 15:49:58,2017-06-14 15:49:58,0:00:00,Passed,,
20170614_TJEWTNFU,PUBLISH_LOGGER_SP,Metadata_SP,2017-06-14 15:49:58,2017-06-14 15:49:58,0:00:00,Passed,,
20170614_TJEWTNFU,PUBLISH_MATCH_HOST_SW_INSTANCE,Metadata_SP,2017-06-14 15:49:58,2017-06-14 15:49:58,0:00:00,Failed,MSSQL_PUBLISH_MATCH_HOST_SW_INSTANCE.txt,
20170614_TJEWTNFU,PUBLISH_MATCH_HOST_SW_USAGE,Metadata_SP,2017-06-14 15:49:58,2017-06-14 15:49:59,0:00:01,Passed,,
20170614_TJEWTNFU,PUBLISH_MATCH_INV_TASK,Metadata_SP,2017-06-14 15:49:59,2017-06-14 15:49:59,0:00:00,Passed,,
20170614_TJEWTNFU,PUBLISH_MATCH_PO_ENT,Metadata_SP,2017-06-14 15:49:59,2017-06-14 15:49:59,0:00:00,Passed,,
20170614_TJEWTNFU,PUBLISH_MATCH_PO_ENT_ADDL,Metadata_SP,2017-06-14 15:49:59,2017-06-14 15:49:59,0:00:00,Passed,,
20170614_TJEWTNFU,PUBLISH_MATCH_TABLES,Metadata_SP,2017-06-14 15:49:59,2017-06-14 15:49:59,0:00:00,Passed,,
20170614_TJEWTNFU,PUBLISH_MATCHEDRESULTS,Metadata_SP,2017-06-14 15:49:59,2017-06-14 15:49:59,0:00:00,Passed,,
20170614_TJEWTNFU,PUBLISH_NORMALIZE_DATA,Metadata_SP,2017-06-14 15:49:59,2017-06-14 15:49:59,0:00:00,Passed,,
20170614_TJEWTNFU,PUBLISH_OSREQ_CAT_DATA,Metadata_SP,2017-06-14 15:49:59,2017-06-14 15:49:59,0:00:00,Passed,,
20170614_TJEWTNFU,PUBLISH_OTHERS,Metadata_SP,2017-06-14 15:49:59,2017-06-14 15:49:59,0:00:00,Passed,,
20170614_TJEWTNFU,PUBLISH_PO,Metadata_SP,2017-06-14 15:49:59,2017-06-14 15:49:59,0:00:00,Passed,,
20170614_TJEWTNFU,PUBLISH_PO_ADDITIONAL,Metadata_SP,2017-06-14 15:49:59,2017-06-14 15:49:59,0:00:00,Passed,,
20170614_TJEWTNFU,PUBLISH_PTA_ADDREMOVE,Metadata_SP,2017-06-14 15:49:59,2017-06-14 15:49:59,0:00:00,Passed,,
20170614_TJEWTNFU,PUBLISH_PURGE_HISTORY,Metadata_SP,2017-06-14 15:49:59,2017-06-14 15:49:59,0:00:00,Passed,,
20170614_TJEWTNFU,PUBLISH_RESULT_CHECK,Metadata_SP,2017-06-14 15:49:59,2017-06-14 15:49:59,0:00:00,Passed,,
20170614_TJEWTNFU,PUBLISH_SOURCE_PRIORITY,Metadata_SP,2017-06-14 15:49:59,2017-06-14 15:49:59,0:00:00,Passed,,
20170614_TJEWTNFU,PUBLISH_SUBSCRIPTION_TABLES,Metadata_SP,2017-06-14 15:49:59,2017-06-14 15:49:59,0:00:00,Passed,,
20170614_TJEWTNFU,REBUILD_PART_TABLES_VIEWS,Metadata_SP,2017-06-14 15:49:59,2017-06-14 15:49:59,0:00:00,Passed,,
20170614_TJEWTNFU,SET_NEW_TAX,Metadata_SP,2017-06-14 15:49:59,2017-06-14 15:50:00,0:00:01,Passed,,
20170614_TJEWTNFU,spDropContraintsWithRecover,Metadata_SP,2017-06-14 15:50:00,2017-06-14 15:50:00,0:00:00,Passed,,
20170614_TJEWTNFU,spPopulateFKScript,Metadata_SP,2017-06-14 15:50:00,2017-06-14 15:50:00,0:00:00,Passed,,
20170614_TJEWTNFU,VALIDATE_CAT_ATTRIBUTES,Metadata_SP,2017-06-14 15:50:00,2017-06-14 15:50:00,0:00:00,Passed,,
20170614_TJEWTNFU,VALIDATE_TAXONOMY_PARENT_TYPE,Metadata_SP,2017-06-14 15:50:00,2017-06-14 15:50:00,0:00:00,Passed,,
20170614_TJEWTNFU,VALIDATE_TPC_ATTRIBUTES,Metadata_SP,2017-06-14 15:50:00,2017-06-14 15:50:00,0:00:00,Passed,,
20170614_TJEWTNFU,GOLDEN20_Import_A Table,Import,2017-06-14 15:50:00,2017-06-14 15:50:00,0:00:00,Failed,,
20170614_TJEWTNFU,GOLDEN20_Import_BI Table,Import,2017-06-14 15:50:00,2017-06-14 15:50:00,0:00:00,Failed,,
20170614_TJEWTNFU,GOLDEN20_Import_CD Table,Import,2017-06-14 15:50:00,2017-06-14 15:50:00,0:00:00,Failed,,
20170614_TJEWTNFU,GOLDEN20_Import_CS Table,Import,2017-06-14 15:50:00,2017-06-14 15:50:00,0:00:00,Failed,,
20170614_TJEWTNFU,GOLDEN20_Import_CU Table,Import,2017-06-14 15:50:00,2017-06-14 15:50:00,0:00:00,Failed,,
20170614_TJEWTNFU,GOLDEN20_Import_DI Table,Import,2017-06-14 15:50:00,2017-06-14 15:50:01,0:00:01,Failed,,
20170614_TJEWTNFU,GOLDEN20_Import_E Table,Import,2017-06-14 15:50:01,2017-06-14 15:50:01,0:00:00,Failed,,
20170614_TJEWTNFU,GOLDEN20_Import_F Table,Import,2017-06-14 15:50:01,2017-06-14 15:50:05,0:00:04,Failed,,
20170614_TJEWTNFU,GOLDEN20_Import_H Table,Import,2017-06-14 15:50:05,2017-06-14 15:50:05,0:00:00,Failed,,
20170614_TJEWTNFU,GOLDEN20_Import_LD Table,Import,2017-06-14 15:50:05,2017-06-14 15:50:05,0:00:00,Failed,,
20170614_TJEWTNFU,GOLDEN20_Import_ME Table,Import,2017-06-14 15:50:05,2017-06-14 15:50:05,0:00:00,Failed,,
20170614_TJEWTNFU,GOLDEN20_Import_MF Table,Import,2017-06-14 15:50:05,2017-06-14 15:50:05,0:00:00,Failed,,
20170614_TJEWTNFU,GOLDEN20_Import_MON Table,Import,2017-06-14 15:50:05,2017-06-14 15:50:05,0:00:00,Failed,,
20170614_TJEWTNFU,GOLDEN20_Import_MUS Table,Import,2017-06-14 15:50:05,2017-06-14 15:50:05,0:00:00,Failed,,
20170614_TJEWTNFU,GOLDEN20_Import_NA Table,Import,2017-06-14 15:50:05,2017-06-14 15:50:05,0:00:00,Failed,,
20170614_TJEWTNFU,GOLDEN20_Import_NAC Table,Import,2017-06-14 15:50:05,2017-06-14 15:50:05,0:00:00,Failed,,
20170614_TJEWTNFU,GOLDEN20_Import_OS Table,Import,2017-06-14 15:50:05,2017-06-14 15:50:06,0:00:01,Failed,,
20170614_TJEWTNFU,GOLDEN20_Import_PA Table,Import,2017-06-14 15:50:06,2017-06-14 15:50:06,0:00:00,Failed,,
20170614_TJEWTNFU,GOLDEN20_Import_PR Table,Import,2017-06-14 15:50:06,2017-06-14 15:50:06,0:00:00,Failed,,
20170614_TJEWTNFU,GOLDEN20_Import_SI Table,Import,2017-06-14 15:50:06,2017-06-14 15:50:06,0:00:00,Failed,,
20170614_TJEWTNFU,GOLDEN20_Import_ST Table,Import,2017-06-14 15:50:06,2017-06-14 15:50:06,0:00:00,Failed,,
20170614_TJEWTNFU,GOLDEN20_Import_SV Table,Import,2017-06-14 15:50:06,2017-06-14 15:50:06,0:00:00,Failed,,
20170614_TJEWTNFU,GOLDEN20_Import_UM Table,Import,2017-06-14 15:50:06,2017-06-14 15:50:06,0:00:00,Failed,,
20170614_TJEWTNFU,GOLDEN20_Import_VC Table,Import,2017-06-14 15:50:06,2017-06-14 15:50:06,0:00:00,Failed,,
20170614_TJEWTNFU,GOLDEN_Mapping_A Table,Mapping,2017-06-14 15:50:06,2017-06-14 15:50:07,0:00:01,Failed,MAPPING_A_RESULT.txt,
20170614_TJEWTNFU,GOLDEN20_Mashup_BDNA_USR1 Table,Import_Mashup,2017-06-14 15:50:07,2017-06-14 15:50:08,0:00:01,Passed,,
20170614_TJEWTNFU,GOLDEN20_Mashup_BDNA_USR2 Table,Import_Mashup,2017-06-14 15:50:08,2017-06-14 15:50:08,0:00:00,Passed,,
20170614_TJEWTNFU,GOLDEN20_Mashup_BDNA_HW1 Table,Import_Mashup,2017-06-14 15:50:08,2017-06-14 15:50:08,0:00:00,Passed,,
20170614_TJEWTNFU,GOLDEN20_Mashup_BDNA_HW2 Table,Import_Mashup,2017-06-14 15:50:08,2017-06-14 15:50:08,0:00:00,Passed,,
20170614_TJEWTNFU,GOLDEN20_Mashup_BDNA_SW1 Table,Import_Mashup,2017-06-14 15:50:08,2017-06-14 15:50:08,0:00:00,Passed,,
20170614_TJEWTNFU,GOLDEN20_Mashup_BDNA_SW2 Table,Import_Mashup,2017-06-14 15:50:08,2017-06-14 15:50:09,0:00:01,Passed,,
20170614_TJEWTNFU,GOLDEN20_Mashup_BDNA_Machine1 Table,Import_Mashup,2017-06-14 15:50:09,2017-06-14 15:50:09,0:00:00,Passed,,
20170614_TJEWTNFU,GOLDEN20_Mashup_BDNA_Machine2 Table,Import_Mashup,2017-06-14 15:50:09,2017-06-14 15:50:09,0:00:00,Passed,,
20170614_TJEWTNFU,GOLDEN20_Mashup_BDNA_CPU1 Table,Import_Mashup,2017-06-14 15:50:09,2017-06-14 15:50:09,0:00:00,Passed,,
20170614_TJEWTNFU,GOLDEN20_Mashup_BDNA_CPU2 Table,Import_Mashup,2017-06-14 15:50:09,2017-06-14 15:50:09,0:00:00,Passed,,
20170614_TJEWTNFU,GOLDEN20_Mashup_BDNA_MFR1 Table,Import_Mashup,2017-06-14 15:50:09,2017-06-14 15:50:09,0:00:00,Passed,,
20170614_TJEWTNFU,GOLDEN20_Mashup_BDNA_MFR2 Table,Import_Mashup,2017-06-14 15:50:09,2017-06-14 15:50:09,0:00:00,Passed,,
20170614_TJEWTNFU,GOLDEN20_Mashup_BDNA_OS1 Table,Import_Mashup,2017-06-14 15:50:10,2017-06-14 15:50:10,0:00:00,Passed,,
20170614_TJEWTNFU,GOLDEN20_Mashup_BDNA_OS2 Table,Import_Mashup,2017-06-14 15:50:10,2017-06-14 15:50:10,0:00:00,Passed,,
20170614_TJEWTNFU,GOLDEN20_Mashup_Publish_DISC_USR1 Table,Publish_Mashup,2017-06-14 15:50:10,2017-06-14 15:50:10,0:00:00,Passed,,
20170614_TJEWTNFU,GOLDEN20_Mashup_Publish_DISC_USR2 Table,Publish_Mashup,2017-06-14 15:50:10,2017-06-14 15:50:10,0:00:00,Passed,,
20170614_TJEWTNFU,GOLDEN20_Mashup_Publish_DISC_HW1 Table,Publish_Mashup,2017-06-14 15:50:10,2017-06-14 15:50:10,0:00:00,Passed,,
20170614_TJEWTNFU,GOLDEN20_Mashup_Publish_DISC_HW2 Table,Publish_Mashup,2017-06-14 15:50:10,2017-06-14 15:50:10,0:00:00,Passed,,
20170614_TJEWTNFU,GOLDEN20_Mashup_Publish_DISC_SW1 Table,Publish_Mashup,2017-06-14 15:50:10,2017-06-14 15:50:10,0:00:00,Passed,,
20170614_TJEWTNFU,GOLDEN20_Mashup_Publish_DISC_SW2 Table,Publish_Mashup,2017-06-14 15:50:10,2017-06-14 15:50:10,0:00:00,Passed,,
20170614_TJEWTNFU,GOLDEN20_Mashup_Publish_DISC_MACHINE1 Table,Publish_Mashup,2017-06-14 15:50:10,2017-06-14 15:50:10,0:00:00,Passed,,
20170614_TJEWTNFU,GOLDEN20_Mashup_Publish_DISC_MACHINE2 Table,Publish_Mashup,2017-06-14 15:50:10,2017-06-14 15:50:10,0:00:00,Passed,,
20170614_TJEWTNFU,GOLDEN20_Mashup_Publish_DISC_CPU1 Table,Publish_Mashup,2017-06-14 15:50:11,2017-06-14 15:50:11,0:00:00,Passed,,
20170614_TJEWTNFU,GOLDEN20_Mashup_Publish_DISC_CPU2 Table,Publish_Mashup,2017-06-14 15:50:11,2017-06-14 15:50:11,0:00:00,Passed,,
20170614_TJEWTNFU,GOLDEN20_Mashup_Publish_DISC_MFR1 Table,Publish_Mashup,2017-06-14 15:50:11,2017-06-14 15:50:11,0:00:00,Passed,,
20170614_TJEWTNFU,GOLDEN20_Mashup_Publish_DISC_MFR2 Table,Publish_Mashup,2017-06-14 15:50:11,2017-06-14 15:50:11,0:00:00,Passed,,
20170614_TJEWTNFU,GOLDEN20_Mashup_Publish_DISC_OS1 Table,Publish_Mashup,2017-06-14 15:50:11,2017-06-14 15:50:11,0:00:00,Passed,,
20170614_TJEWTNFU,GOLDEN20_Mashup_Publish_DISC_OS2 Table,Publish_Mashup,2017-06-14 15:50:11,2017-06-14 15:50:11,0:00:00,Passed,,
20170614_TJEWTNFU,GOLDEN20_Mashup_Publish_DISC_OTHER Table,Publish_Mashup,2017-06-14 15:50:11,2017-06-14 15:50:11,0:00:00,Passed,,
20170614_TJEWTNFU,GOLDEN20_Mashup_Publish_USR Table,Publish_Mashup,2017-06-14 15:50:11,2017-06-14 15:50:12,0:00:01,Passed,,
20170614_TJEWTNFU,GOLDEN20_Mashup_Publish_HW Table,Publish_Mashup,2017-06-14 15:50:12,2017-06-14 15:50:12,0:00:00,Passed,,
20170614_TJEWTNFU,GOLDEN20_Mashup_Publish_SW Table,Publish_Mashup,2017-06-14 15:50:12,2017-06-14 15:50:12,0:00:00,Passed,,
20170614_TJEWTNFU,GOLDEN20_Mashup_Publish_MACHINE Table,Publish_Mashup,2017-06-14 15:50:12,2017-06-14 15:50:12,0:00:00,Passed,,
20170614_TJEWTNFU,GOLDEN20_Mashup_Publish_CPU Table,Publish_Mashup,2017-06-14 15:50:12,2017-06-14 15:50:12,0:00:00,Passed,,
20170614_TJEWTNFU,GOLDEN20_Mashup_Publish_MFR Table,Publish_Mashup,2017-06-14 15:50:12,2017-06-14 15:50:12,0:00:00,Failed,MASHUP_PUBLISH_MUPT_MFR_RESULT.txt,
20170614_TJEWTNFU,GOLDEN20_Mashup_Publish_OS Table,Publish_Mashup,2017-06-14 15:50:12,2017-06-14 15:50:12,0:00:00,Passed,,
